Negative,Positive,WC
0.999963,0.000037,14
0.971420,0.028580,29
0.999944,0.000056,23
0.086716,0.913284,24
0.000059,0.999941,27
0.188062,0.811938,20
0.187119,0.812881,22
1.000000,0.000000,19
0.999999,0.000001,18
0.973696,0.026304,23
0.002535,0.997465,25
0.011936,0.988064,22
0.415251,0.584749,18
0.998240,0.001760,21
0.023245,0.976755,19
0.000000,1.000000,22
0.998073,0.001928,26
0.009434,0.990566,22
0.115374,0.884626,22
0.000000,1.000000,22
0.997108,0.002892,24
0.999821,0.000179,17
0.900885,0.099115,21
0.171187,0.828813,21
0.005906,0.994094,23
0.074322,0.925678,26
0.005120,0.994880,22
0.999764,0.000236,23
0.002771,0.997229,24
0.284698,0.715302,25
0.999885,0.000115,20
0.000086,0.999914,22
0.999998,0.000002,26
0.999991,0.000009,19
0.997896,0.002104,12
0.000000,1.000000,20
0.999997,0.000003,17
0.999987,0.000012,23
1.000000,0.000000,28
0.612031,0.387969,23
0.000000,1.000000,22
0.999999,0.000001,26
1.000000,0.000000,26
1.000000,0.000000,22
0.891610,0.108390,20
1.000000,0.000000,25
0.000206,0.999794,25
0.999999,0.000001,24
0.993200,0.006800,25
0.999997,0.000003,23
0.003935,0.996065,16
0.997202,0.002798,24
0.005462,0.994538,25
0.200410,0.799590,20
0.027836,0.972164,22
0.000000,1.000000,19
0.000010,0.999990,22
0.995543,0.004457,25
0.945139,0.054861,30
0.999768,0.000232,23
0.459659,0.540341,23
0.999997,0.000003,19
0.996862,0.003138,19
0.002265,0.997735,21
0.989784,0.010216,19
0.946164,0.053836,22
0.055670,0.944331,24
0.998028,0.001972,18
0.988902,0.011098,22
0.999998,0.000002,20
0.999999,0.000001,23
1.000000,0.000000,22
0.969340,0.030660,19
0.011387,0.988613,18
0.000001,0.999999,24
0.000149,0.999851,19
0.002772,0.997228,22
0.000003,0.999997,25
0.310362,0.689638,22
0.999937,0.000063,22
0.999997,0.000003,20
0.000036,0.999964,22
0.413143,0.586857,21
0.000033,0.999967,25
0.143015,0.856985,23
0.338984,0.661016,25
1.000000,0.000000,23
1.000000,0.000000,18
0.999984,0.000016,27
0.000030,0.999970,17
0.002266,0.997734,25
0.000000,1.000000,18
0.999997,0.000003,20
0.004758,0.995242,25
0.949591,0.050409,18
0.998517,0.001483,21
1.000000,0.000000,21
0.000000,1.000000,23
0.000000,1.000000,22
0.671459,0.328541,25
0.000278,0.999722,15
0.993124,0.006876,18
0.999988,0.000012,22
0.000010,0.999990,24
0.992119,0.007881,27
0.000000,1.000000,20
1.000000,0.000000,24
0.190611,0.809389,22
0.911695,0.088305,25
0.418323,0.581677,24
1.000000,0.000000,28
0.999985,0.000015,15
0.251910,0.748090,15
0.000450,0.999550,20
0.977933,0.022067,23
0.999589,0.000411,17
0.959798,0.040202,23
0.874803,0.125197,19
0.999358,0.000641,26
1.000000,0.000000,29
0.999999,0.000001,23
0.000000,1.000000,24
0.000007,0.999993,20
0.998565,0.001435,24
0.998044,0.001956,19
0.991988,0.008012,17
0.848655,0.151345,21
0.108790,0.891210,20
1.000000,0.000000,21
0.621564,0.378436,25
0.006035,0.993965,22
0.709890,0.290110,23
0.984502,0.015498,18
0.999999,0.000001,23
0.000000,1.000000,20
0.000001,1.000000,18
0.000023,0.999977,21
0.021013,0.978987,25
0.999984,0.000016,19
0.869940,0.130060,22
0.998209,0.001791,22
0.960587,0.039413,27
0.959615,0.040385,21
1.000000,0.000000,23
1.000000,0.000000,19
0.022807,0.977193,20
1.000000,0.000000,19
0.995417,0.004583,22
0.352161,0.647839,25
1.000000,0.000000,25
0.000000,1.000000,19
1.000000,0.000000,25
0.977567,0.022433,24
0.008355,0.991646,28
0.000000,1.000000,21
0.000036,0.999964,21
0.768242,0.231758,24
0.999998,0.000002,21
1.000000,0.000000,23
1.000000,0.000000,23
0.012783,0.987217,26
0.965250,0.034750,14
0.992123,0.007877,24
0.999996,0.000004,27
0.000000,1.000000,10
0.996948,0.003052,13
0.000004,0.999996,20
0.994462,0.005538,21
0.997605,0.002395,22
0.000074,0.999926,24
0.001110,0.998890,29
0.831384,0.168617,20
0.999710,0.000290,23
0.996948,0.003052,26
0.988916,0.011084,30
0.950733,0.049267,26
0.999970,0.000030,19
0.010860,0.989140,23
0.999998,0.000002,21
0.999949,0.000051,22
0.985288,0.014712,23
1.000000,0.000000,27
1.000000,0.000000,24
1.000000,0.000000,21
0.000005,0.999995,19
0.021059,0.978941,19
0.774614,0.225386,23
0.001182,0.998818,22
0.951097,0.048903,22
0.122273,0.877727,25
0.000024,0.999976,27
0.732122,0.267878,7
0.428080,0.571920,23
0.022050,0.977950,19
0.323589,0.676411,23
0.004907,0.995093,23
0.000000,1.000000,24
0.999995,0.000005,25
0.427639,0.572361,21
0.997434,0.002566,26
0.710806,0.289194,14
0.001255,0.998745,16
0.001032,0.998968,25
0.000007,0.999993,19
1.000000,0.000000,21
0.000031,0.999969,21
0.060155,0.939845,23
0.001119,0.998881,21
0.005283,0.994717,19
0.926049,0.073951,21
0.025258,0.974742,25
0.138415,0.861585,26
0.890504,0.109496,22
0.172115,0.827885,29
0.981694,0.018306,23
0.962831,0.037169,23
0.984315,0.015685,21
0.000001,0.999999,19
0.440144,0.559856,19
0.997716,0.002284,22
0.999562,0.000438,30
1.000000,0.000000,25
0.000007,0.999993,20
1.000000,0.000000,18
0.026826,0.973174,16
0.000000,1.000000,25
1.000000,0.000000,18
0.996008,0.003992,18
0.000031,0.999969,25
1.000000,0.000000,21
0.171281,0.828719,30
1.000000,0.000000,30
0.995942,0.004058,27
0.994268,0.005732,25
1.000000,0.000000,21
0.041534,0.958466,23
0.494382,0.505618,24
0.000594,0.999406,27
0.234233,0.765767,21
1.000000,0.000000,21
1.000000,0.000000,25
0.999303,0.000697,24
0.000002,0.999998,17
0.208001,0.791999,20
1.000000,0.000000,23
0.018108,0.981892,27
1.000000,0.000000,21
0.525205,0.474795,23
0.999797,0.000203,19
0.002024,0.997976,19
0.000000,1.000000,23
1.000000,0.000000,30
0.999988,0.000012,24
0.826003,0.173997,27
1.000000,0.000000,10
1.000000,0.000000,9
1.000000,0.000000,21
1.000000,0.000000,21
0.748615,0.251385,21
0.025107,0.974893,24
1.000000,0.000000,8
1.000000,0.000000,10
0.999998,0.000002,15
1.000000,0.000000,9
0.998514,0.001486,21
0.999494,0.000506,27
0.000006,0.999994,20
0.672097,0.327903,16
0.001730,0.998270,25
0.999883,0.000117,27
0.000065,0.999935,18
0.997258,0.002742,23
0.000148,0.999852,13
0.994457,0.005543,14
0.999977,0.000024,21
0.999999,0.000001,21
1.000000,0.000000,21
0.000022,0.999978,18
0.802797,0.197203,19
0.417198,0.582802,22
0.999984,0.000016,26
1.000000,0.000000,24
0.999267,0.000733,25
0.030766,0.969234,24
1.000000,0.000000,28
0.020261,0.979739,22
0.275339,0.724661,19
0.000010,0.999990,22
0.000088,0.999912,22
0.302240,0.697760,24
0.999985,0.000015,20
0.948392,0.051608,20
1.000000,0.000000,18
1.000000,0.000000,17
0.999099,0.000901,12
0.023131,0.976869,16
0.000004,0.999996,9
0.998047,0.001953,11
0.022268,0.977732,22
0.139268,0.860732,21
0.000000,1.000000,21
0.000000,1.000000,25
0.009697,0.990303,25
0.850602,0.149398,27
1.000000,0.000000,16
0.999294,0.000706,17
0.000227,0.999773,22
0.001276,0.998724,24
0.999992,0.000008,25
0.999990,0.000010,30
0.000000,1.000000,20
0.000001,0.999999,21
0.005165,0.994835,22
0.959060,0.040940,19
0.306486,0.693514,18
1.000000,0.000000,30
0.617786,0.382214,27
1.000000,0.000000,25
0.999999,0.000001,27
0.999996,0.000004,22
1.000000,0.000000,25
0.992816,0.007184,26
0.000027,0.999973,28
0.000373,0.999627,23
0.000005,0.999995,22
0.849726,0.150274,22
0.000000,1.000000,25
0.807461,0.192539,19
1.000000,0.000000,28
0.999551,0.000449,16
0.000050,0.999950,19
0.996916,0.003084,18
0.999637,0.000363,18
0.998922,0.001078,21
0.000000,1.000000,22
0.000092,0.999908,19
0.000015,0.999985,18
0.003718,0.996282,24
1.000000,0.000000,25
0.975144,0.024856,18
0.994293,0.005707,21
0.999906,0.000094,22
0.998872,0.001128,30
1.000000,0.000000,25
0.003285,0.996715,29
0.999986,0.000014,22
1.000000,0.000000,24
0.984011,0.015989,20
0.000001,0.999999,22
0.999998,0.000002,23
0.831132,0.168868,25
0.002954,0.997046,24
0.260916,0.739084,24
0.999984,0.000016,20
0.999966,0.000034,21
1.000000,0.000000,20
0.000302,0.999698,16
0.022318,0.977682,22
0.114718,0.885282,21
0.998850,0.001150,23
0.287297,0.712703,23
1.000000,0.000000,23
0.000000,1.000000,21
0.999804,0.000196,24
0.999970,0.000030,24
0.999108,0.000892,18
0.000001,1.000000,16
1.000000,0.000000,26
0.000686,0.999314,23
0.282049,0.717951,22
0.998234,0.001766,30
0.980796,0.019204,29
1.000000,0.000000,27
0.999942,0.000058,20
0.000000,1.000000,17
0.999959,0.000040,22
0.829717,0.170283,21
0.032759,0.967241,26
0.999941,0.000059,23
0.273719,0.726281,24
0.697515,0.302485,27
0.999980,0.000020,22
0.000000,1.000000,25
0.000000,1.000000,21
0.049227,0.950773,18
0.000025,0.999975,26
1.000000,0.000000,25
0.372051,0.627949,24
0.000404,0.999596,21
0.010981,0.989019,26
0.718594,0.281406,19
0.001393,0.998607,20
1.000000,0.000000,22
0.000001,0.999999,26
1.000000,0.000000,23
0.999961,0.000039,25
0.960994,0.039006,20
0.994070,0.005930,22
0.188755,0.811245,21
0.001038,0.998962,20
0.168919,0.831081,22
0.405737,0.594263,9
0.997170,0.002830,18
0.984958,0.015042,14
0.758370,0.241630,14
0.999994,0.000006,21
0.054951,0.945049,25
0.010665,0.989335,23
0.000131,0.999869,20
0.006936,0.993064,20
0.000002,0.999998,24
1.000000,0.000000,25
0.971760,0.028240,19
0.102560,0.897440,23
0.000032,0.999969,25
0.000004,0.999996,23
0.999994,0.000006,26
0.079259,0.920741,23
0.014625,0.985376,22
0.985799,0.014201,27
1.000000,0.000000,25
0.996197,0.003803,18
1.000000,0.000000,22
1.000000,0.000000,22
1.000000,0.000000,24
0.999999,0.000001,24
0.991572,0.008428,25
0.994592,0.005408,21
0.961353,0.038647,22
1.000000,0.000000,24
0.999913,0.000087,27
0.999989,0.000011,22
1.000000,0.000000,25
0.998994,0.001006,19
0.083210,0.916790,20
1.000000,0.000000,25
1.000000,0.000000,24
0.999583,0.000417,23
1.000000,0.000000,21
0.029338,0.970662,24
0.999791,0.000209,22
0.000035,0.999965,22
0.999982,0.000018,26
0.999588,0.000412,33
0.075115,0.924885,11
1.000000,0.000000,26
0.395144,0.604856,8
0.000002,0.999998,12
0.999926,0.000074,10
0.999953,0.000047,23
0.000008,0.999992,20
1.000000,0.000000,26
0.793182,0.206818,26
0.999941,0.000059,22
0.957883,0.042117,27
0.005698,0.994302,23
0.000066,0.999934,26
0.233926,0.766074,25
0.926286,0.073714,31
1.000000,0.000000,28
0.993566,0.006434,26
0.997843,0.002157,21
0.001511,0.998489,20
0.004707,0.995293,22
0.000596,0.999404,22
0.999996,0.000004,24
0.000000,1.000000,20
0.000009,0.999991,24
0.232892,0.767108,22
0.999388,0.000613,21
0.998776,0.001224,25
1.000000,0.000000,26
0.999970,0.000030,24
0.787232,0.212768,25
0.363908,0.636092,23
1.000000,0.000000,25
0.999985,0.000016,20
0.995334,0.004666,26
0.826985,0.173015,21
0.166796,0.833204,22
0.000004,0.999996,25
0.999969,0.000031,26
1.000000,0.000000,17
0.154468,0.845532,21
0.654890,0.345110,26
0.000405,0.999595,24
0.894595,0.105405,25
1.000000,0.000000,12
1.000000,0.000000,24
0.918396,0.081604,22
0.997405,0.002595,30
1.000000,0.000000,18
0.999997,0.000003,21
1.000000,0.000000,25
1.000000,0.000000,26
1.000000,0.000000,23
0.999942,0.000058,23
0.440295,0.559705,26
0.999120,0.000880,19
0.998251,0.001749,25
0.026710,0.973290,17
0.949675,0.050325,26
0.000014,0.999986,23
0.999995,0.000005,20
0.749896,0.250104,24
0.000086,0.999914,20
0.000009,0.999991,20
0.129759,0.870241,25
0.576591,0.423409,23
0.527034,0.472966,25
0.979658,0.020342,25
0.000005,0.999995,26
0.000123,0.999877,31
1.000000,0.000000,21
0.000034,0.999966,21
0.999923,0.000077,19
0.999043,0.000957,24
0.050862,0.949138,10
0.542135,0.457865,28
0.067645,0.932355,22
0.999996,0.000004,30
0.999781,0.000219,31
0.007323,0.992677,20
0.000000,1.000000,25
0.002709,0.997291,25
0.999998,0.000002,26
0.999932,0.000068,22
0.999992,0.000008,25
0.997728,0.002272,17
0.302954,0.697046,19
1.000000,0.000000,22
0.221595,0.778405,24
0.000000,1.000000,25
0.998960,0.001040,24
1.000000,0.000000,24
1.000000,0.000000,24
0.995802,0.004198,25
1.000000,0.000000,24
0.000028,0.999972,17
0.789864,0.210137,24
0.297859,0.702141,22
0.610031,0.389969,23
0.005897,0.994103,21
0.000276,0.999724,23
0.947774,0.052226,23
0.000001,0.999999,22
0.032893,0.967107,21
1.000000,0.000000,22
0.999998,0.000002,19
0.989487,0.010513,24
0.000908,0.999092,16
1.000000,0.000000,12
0.007144,0.992856,20
0.111860,0.888140,10
0.960548,0.039452,25
0.037218,0.962782,22
0.996058,0.003942,20
1.000000,0.000000,23
0.012294,0.987706,25
0.000177,0.999823,21
0.974874,0.025126,22
0.000012,0.999988,23
0.822586,0.177414,20
0.153242,0.846758,26
0.000879,0.999121,20
0.999906,0.000094,19
0.996137,0.003863,19
0.958659,0.041341,23
0.999970,0.000030,22
0.999998,0.000001,24
0.047616,0.952384,7
0.000101,0.999899,9
0.993244,0.006756,23
0.000005,0.999995,22
1.000000,0.000000,24
0.999265,0.000735,19
0.000283,0.999717,23
1.000000,0.000000,20
0.551061,0.448939,23
1.000000,0.000000,19
0.995387,0.004613,27
0.000006,0.999994,28
1.000000,0.000000,19
0.034637,0.965363,22
0.018667,0.981333,23
0.999999,0.000001,22
0.999232,0.000768,26
1.000000,0.000000,28
1.000000,0.000000,27
0.267331,0.732669,22
1.000000,0.000000,23
0.000008,0.999992,23
0.996944,0.003056,26
0.563246,0.436754,2
0.563246,0.436754,2
0.614926,0.385074,20
0.999937,0.000063,16
0.033971,0.966029,18
0.005737,0.994263,21
0.918626,0.081374,22
0.112244,0.887756,27
1.000000,0.000000,24
0.867867,0.132133,32
0.000000,1.000000,18
0.000006,0.999994,19
0.999946,0.000054,24
0.999999,0.000001,25
0.000000,1.000000,9
0.000000,1.000000,21
1.000000,0.000000,22
0.999992,0.000008,21
0.020389,0.979611,20
0.003357,0.996643,17
1.000000,0.000000,24
0.801915,0.198085,30
0.373931,0.626069,25
0.000029,0.999971,20
0.000000,1.000000,23
0.934184,0.065816,23
0.999691,0.000309,25
1.000000,0.000000,27
0.000000,1.000000,22
0.997127,0.002873,22
0.233823,0.766177,21
0.014815,0.985185,24
0.638329,0.361671,23
0.000306,0.999694,22
0.999984,0.000016,20
0.000383,0.999617,22
0.847514,0.152486,22
1.000000,0.000000,23
0.717879,0.282121,21
0.999999,0.000001,21
0.029754,0.970246,20
0.999681,0.000319,23
0.001407,0.998593,21
0.000218,0.999782,24
0.000381,0.999619,23
0.000186,0.999814,21
0.000206,0.999794,21
0.000000,1.000000,18
0.000000,1.000000,19
1.000000,0.000000,19
0.005388,0.994612,20
0.029941,0.970059,20
0.006628,0.993372,20
0.311653,0.688347,23
1.000000,0.000000,21
1.000000,0.000000,25
0.333865,0.666135,22
0.550116,0.449884,20
0.994870,0.005130,18
0.000001,0.999999,21
0.858002,0.141998,19
0.990825,0.009175,23
1.000000,0.000000,24
0.998203,0.001797,8
0.999999,0.000001,8
1.000000,0.000000,22
1.000000,0.000000,22
1.000000,0.000000,25
0.715783,0.284217,25
0.018524,0.981476,22
0.999992,0.000008,22
0.950391,0.049609,17
0.999001,0.000999,19
0.999972,0.000028,29
0.864020,0.135980,30
0.040582,0.959418,20
0.000000,1.000000,7
0.000000,1.000000,18
0.002428,0.997572,18
1.000000,0.000000,13
0.267470,0.732530,19
1.000000,0.000000,18
0.998842,0.001158,22
0.000296,0.999704,21
1.000000,0.000000,22
0.999997,0.000003,22
0.993895,0.006105,15
0.481984,0.518016,20
0.984555,0.015445,23
1.000000,0.000000,15
0.000139,0.999861,21
0.000034,0.999966,18
0.000326,0.999674,19
0.101518,0.898482,25
0.000009,0.999991,26
0.075228,0.924772,18
0.003355,0.996645,22
0.366275,0.633725,22
0.992362,0.007638,24
0.000001,0.999999,18
0.000461,0.999539,17
1.000000,0.000000,15
0.999981,0.000019,20
0.999995,0.000005,23
0.994656,0.005344,22
0.999994,0.000006,25
0.055044,0.944956,23
0.000113,0.999887,23
0.007706,0.992294,23
0.346210,0.653790,24
0.533495,0.466505,25
0.000196,0.999804,19
0.000077,0.999923,22
0.975427,0.024573,19
0.427963,0.572037,21
0.974188,0.025812,13
0.000416,0.999584,18
0.000000,1.000000,10
0.000128,0.999872,12
0.999995,0.000005,20
0.904514,0.095486,27
0.999915,0.000085,22
0.992095,0.007905,24
0.999876,0.000124,23
0.000014,0.999986,23
0.999989,0.000011,23
0.999990,0.000011,25
0.996998,0.003002,16
0.003172,0.996828,20
0.998800,0.001200,20
0.124489,0.875511,21
1.000000,0.000000,21
1.000000,0.000000,22
0.999997,0.000003,18
0.000006,0.999994,25
0.008464,0.991536,26
0.024527,0.975473,22
0.000000,1.000000,24
0.991540,0.008460,22
0.000243,0.999757,28
1.000000,0.000000,22
1.000000,0.000000,32
0.003008,0.996992,17
0.046336,0.953664,23
0.999993,0.000007,22
0.000000,1.000000,22
0.001264,0.998736,23
0.844616,0.155384,23
0.000074,0.999926,17
1.000000,0.000000,22
0.982146,0.017854,20
0.000136,0.999864,18
0.999937,0.000063,20
1.000000,0.000000,24
0.999993,0.000007,22
0.003617,0.996383,21
0.115865,0.884135,26
0.001181,0.998819,24
1.000000,0.000000,20
0.982847,0.017153,21
0.000002,0.999998,22
0.000003,0.999997,25
0.863355,0.136645,23
0.015923,0.984077,21
0.000101,0.999899,23
0.995598,0.004402,25
0.002523,0.997477,21
1.000000,0.000000,24
0.000001,0.999999,22
0.953932,0.046068,20
0.999347,0.000653,24
0.155459,0.844541,22
0.987612,0.012388,22
1.000000,0.000000,19
0.000000,1.000000,21
0.998752,0.001248,25
0.747485,0.252515,23
0.002082,0.997918,21
0.996969,0.003031,26
0.000072,0.999928,27
0.031739,0.968261,25
0.209617,0.790383,21
1.000000,0.000000,20
1.000000,0.000000,24
1.000000,0.000000,27
0.000625,0.999375,21
0.001131,0.998869,25
0.021463,0.978537,23
1.000000,0.000000,23
0.000000,1.000000,25
0.000000,1.000000,24
0.004111,0.995889,27
0.010540,0.989460,22
0.998628,0.001372,25
0.073213,0.926787,29
0.959771,0.040229,21
0.000206,0.999794,20
0.000001,0.999999,18
0.999999,0.000001,29
0.000216,0.999784,35
1.000000,0.000000,24
0.998465,0.001535,26
0.891030,0.108970,22
0.872382,0.127618,22
0.005793,0.994207,26
1.000000,0.000000,30
0.000172,0.999828,21
0.999979,0.000021,23
0.999999,0.000001,5
0.938122,0.061878,6
0.144209,0.855791,23
0.999999,0.000001,25
0.999155,0.000845,22
0.000015,0.999985,25
0.020440,0.979560,26
0.000433,0.999567,26
0.776810,0.223190,15
0.000000,1.000000,14
1.000000,0.000000,22
0.993009,0.006991,23
1.000000,0.000000,25
0.999906,0.000094,24
0.999989,0.000011,22
0.994808,0.005192,23
0.999927,0.000073,20
0.999884,0.000116,24
0.001216,0.998784,24
0.963043,0.036957,26
0.109109,0.890891,26
0.000001,0.999999,24
0.000292,0.999708,6
0.999865,0.000135,21
0.980099,0.019901,20
0.994367,0.005633,22
1.000000,0.000000,26
0.018539,0.981461,23
0.155871,0.844129,21
0.921934,0.078066,24
0.929565,0.070435,27
0.999993,0.000007,19
1.000000,0.000000,17
0.099681,0.900319,23
1.000000,0.000000,25
0.000000,1.000000,26
0.242210,0.757790,25
0.999990,0.000010,20
0.001810,0.998190,26
0.648302,0.351698,26
1.000000,0.000000,28
0.886789,0.113210,20
0.999919,0.000081,19
0.999902,0.000099,24
0.048639,0.951361,23
0.000000,1.000000,16
0.932296,0.067704,23
0.999534,0.000466,30
0.832761,0.167239,24
1.000000,0.000000,25
0.997272,0.002728,18
0.514647,0.485353,21
0.620478,0.379522,23
1.000000,0.000000,25
0.000008,0.999992,20
0.330352,0.669648,21
0.999950,0.000050,25
0.993517,0.006483,24
0.082352,0.917648,24
0.984322,0.015678,22
0.000013,0.999987,25
0.000000,1.000000,21
0.000080,0.999920,28
0.167005,0.832995,24
0.000000,1.000000,26
0.918617,0.081383,19
0.483217,0.516783,23
0.157193,0.842807,24
0.948332,0.051668,24
0.000000,1.000000,20
0.067297,0.932703,19
0.000335,0.999665,19
0.958578,0.041422,20
0.000211,0.999789,20
0.981103,0.018897,23
0.382353,0.617647,21
1.000000,0.000000,24
0.214704,0.785296,25
0.000377,0.999623,20
0.528597,0.471403,19
1.000000,0.000000,21
0.999691,0.000309,21
0.000022,0.999978,21
0.997079,0.002921,20
1.000000,0.000000,22
0.999995,0.000005,18
1.000000,0.000000,21
0.674840,0.325160,21
0.987077,0.012923,22
0.175921,0.824079,22
0.041934,0.958066,24
0.000145,0.999855,26
1.000000,0.000000,19
0.587434,0.412566,18
0.723598,0.276402,24
0.000000,1.000000,23
1.000000,0.000000,24
0.677376,0.322624,25
0.999998,0.000002,18
0.004919,0.995081,19
0.149211,0.850789,21
0.000000,1.000000,23
0.999814,0.000186,21
0.993783,0.006217,24
0.986566,0.013434,22
0.959612,0.040388,19
0.999892,0.000108,23
0.999928,0.000072,25
0.000000,1.000000,21
0.990688,0.009312,22
0.000046,0.999954,14
0.991425,0.008575,15
0.001766,0.998234,22
0.000000,1.000000,21
0.040627,0.959373,19
0.999981,0.000019,25
0.999132,0.000868,23
0.999998,0.000002,26
0.000000,1.000000,25
0.000002,0.999998,24
1.000000,0.000000,25
0.081440,0.918560,26
1.000000,0.000000,20
0.380605,0.619395,20
0.999998,0.000002,23
0.000000,1.000000,24
0.999488,0.000512,22
0.914342,0.085658,20
0.996829,0.003171,24
0.000321,0.999679,22
0.706544,0.293456,24
0.000568,0.999432,26
0.945694,0.054306,25
1.000000,0.000000,28
0.580174,0.419826,24
0.000001,0.999999,22
1.000000,0.000000,20
0.000002,0.999998,22
0.008201,0.991799,24
0.000033,0.999967,24
0.999998,0.000002,15
0.000112,0.999888,20
1.000000,0.000000,20
1.000000,0.000000,25
0.000000,1.000000,23
1.000000,0.000000,20
0.994772,0.005228,24
0.009092,0.990908,18
0.657219,0.342781,26
0.000001,0.999999,28
0.000000,1.000000,21
0.028589,0.971411,22
0.000000,1.000000,25
0.003885,0.996115,9
0.000000,1.000000,10
0.999996,0.000004,23
0.208113,0.791887,24
0.194077,0.805923,29
0.936209,0.063791,25
0.440287,0.559713,23
0.060727,0.939273,25
0.001080,0.998920,22
0.969984,0.030016,24
0.999926,0.000074,18
0.970603,0.029398,20
0.995449,0.004551,25
0.000001,0.999999,22
0.000014,0.999986,24
0.999998,0.000002,25
0.137680,0.862320,9
0.997703,0.002297,13
0.000003,0.999997,26
0.015489,0.984511,30
0.999989,0.000011,23
0.000045,0.999955,24
0.000002,0.999998,26
0.165844,0.834155,29
0.000042,0.999959,22
0.999866,0.000134,22
0.998541,0.001459,20
0.986264,0.013736,19
0.022460,0.977540,21
0.997924,0.002076,23
1.000000,0.000000,28
0.000582,0.999418,25
1.000000,0.000000,23
1.000000,0.000000,23
1.000000,0.000000,25
0.006210,0.993790,23
0.000000,1.000000,27
0.999934,0.000066,23
0.999999,0.000001,25
1.000000,0.000000,21
0.049363,0.950637,20
0.215920,0.784080,25
0.047870,0.952130,21
1.000000,0.000000,21
0.000004,0.999996,20
0.047214,0.952786,22
0.999923,0.000077,25
0.698225,0.301775,20
0.120993,0.879007,24
0.629480,0.370520,22
0.922729,0.077271,27
0.000000,1.000000,19
1.000000,0.000000,25
0.000363,0.999637,30
0.999886,0.000114,20
0.999966,0.000034,21
1.000000,0.000000,24
0.000445,0.999555,27
0.794983,0.205017,23
0.980742,0.019258,22
0.999952,0.000048,18
0.999798,0.000202,21
0.010021,0.989979,23
0.000000,1.000000,26
0.997383,0.002617,17
0.707449,0.292551,23
0.990258,0.009742,21
1.000000,0.000000,20
0.002308,0.997692,21
1.000000,0.000000,24
0.999944,0.000056,23
0.980616,0.019384,25
0.999505,0.000495,29
0.000000,1.000000,18
0.585847,0.414153,18
0.999784,0.000216,18
0.000164,0.999836,22
0.003222,0.996778,21
0.076489,0.923511,23
1.000000,0.000000,11
0.877634,0.122366,14
0.000005,0.999995,17
1.000000,0.000000,27
0.999997,0.000003,26
0.000003,0.999997,26
0.032616,0.967384,22
0.999397,0.000603,24
0.000004,0.999996,15
0.193430,0.806570,23
0.000001,1.000000,26
0.000004,0.999996,23
0.036625,0.963375,24
0.000001,0.999999,23
0.999999,0.000001,20
1.000000,0.000000,23
0.000000,1.000000,21
0.997483,0.002517,22
1.000000,0.000000,25
0.000000,1.000000,33
0.000035,0.999964,36
0.876931,0.123069,22
0.877013,0.122987,23
0.999993,0.000007,26
0.182501,0.817499,22
0.000016,0.999984,23
0.044689,0.955311,22
0.804852,0.195148,23
0.993531,0.006469,11
0.000016,0.999984,15
0.364816,0.635184,27
0.000001,0.999999,20
0.950921,0.049079,28
0.999450,0.000550,20
0.904945,0.095055,19
0.006610,0.993390,20
0.999999,0.000001,24
0.003100,0.996900,24
0.000381,0.999619,21
0.999998,0.000002,24
0.034786,0.965214,24
0.999997,0.000003,19
0.023466,0.976534,22
0.999985,0.000015,22
0.073057,0.926943,22
1.000000,0.000000,21
1.000000,0.000000,25
0.999983,0.000017,22
0.999694,0.000306,23
1.000000,0.000000,21
0.000000,1.000000,23
0.000701,0.999299,19
0.999786,0.000214,25
1.000000,0.000000,23
0.991112,0.008888,27
0.434147,0.565852,17
0.092684,0.907316,19
0.000090,0.999910,21
0.002220,0.997780,20
0.006815,0.993185,21
1.000000,0.000000,20
0.000000,1.000000,25
0.999999,0.000001,20
1.000000,0.000000,22
0.037834,0.962166,22
0.969773,0.030227,24
0.000002,0.999998,20
0.070233,0.929767,25
0.037725,0.962275,21
0.998720,0.001280,20
0.000077,0.999923,21
0.001098,0.998902,17
0.989383,0.010617,19
0.000042,0.999958,19
0.002558,0.997442,16
0.000252,0.999748,9
1.000000,0.000000,14
0.233470,0.766530,15
0.989280,0.010720,13
0.000009,0.999991,8
0.000007,0.999993,10
0.000002,0.999998,6
0.017169,0.982831,11
0.999994,0.000006,8
0.000202,0.999798,11
0.009624,0.990376,22
0.762715,0.237285,18
0.087761,0.912239,18
0.941522,0.058478,18
1.000000,0.000000,23
0.000000,1.000000,17
0.999949,0.000050,22
0.006867,0.993133,13
0.000000,1.000000,20
0.049202,0.950798,22
0.000010,0.999990,16
0.999997,0.000003,11
1.000000,0.000000,14
0.000000,1.000000,6
0.421669,0.578331,13
1.000000,0.000000,10
0.000153,0.999847,14
0.000201,0.999799,21
0.998648,0.001352,19
0.728802,0.271198,20
0.999999,0.000001,22
0.984732,0.015268,23
0.000058,0.999942,25
0.999997,0.000003,23
0.999402,0.000598,28
0.004417,0.995583,24
0.079157,0.920843,23
0.000000,1.000000,28
0.000000,1.000000,21
0.999999,0.000001,25
0.133621,0.866379,19
1.000000,0.000000,23
0.180055,0.819945,22
0.964186,0.035814,24
0.999775,0.000225,23
0.978889,0.021111,26
0.818016,0.181984,26
1.000000,0.000000,25
0.045470,0.954530,23
0.647245,0.352755,26
0.999980,0.000020,19
0.493537,0.506463,1
0.486793,0.513207,15
0.000000,1.000000,21
0.999999,0.000001,24
0.000006,0.999994,26
0.999399,0.000601,24
0.989857,0.010143,29
0.999998,0.000002,21
0.999548,0.000452,23
0.002276,0.997724,21
0.999793,0.000208,24
0.995298,0.004702,27
1.000000,0.000000,25
0.999982,0.000018,21
0.020544,0.979456,22
0.000000,1.000000,21
0.999299,0.000701,24
0.898802,0.101198,19
0.000221,0.999779,25
0.000000,1.000000,28
0.002088,0.997912,26
0.004787,0.995213,23
1.000000,0.000000,21
0.688374,0.311626,16
0.999441,0.000559,16
0.122489,0.877511,23
0.943282,0.056718,22
1.000000,0.000000,23
1.000000,0.000000,21
0.890717,0.109283,21
0.140360,0.859640,20
0.003698,0.996302,21
0.284147,0.715853,24
0.694823,0.305177,24
0.999982,0.000018,12
0.788209,0.211791,28
0.001055,0.998945,8
0.008949,0.991051,22
1.000000,0.000000,25
0.998147,0.001853,14
0.000006,0.999994,21
0.000128,0.999872,21
0.000000,1.000000,25
0.082820,0.917180,21
0.111861,0.888139,21
0.946274,0.053726,27
0.000029,0.999971,22
0.000000,1.000000,19
0.997773,0.002227,22
1.000000,0.000000,20
1.000000,0.000000,18
0.999447,0.000553,23
0.013123,0.986877,22
0.563968,0.436032,22
0.999677,0.000323,22
0.281281,0.718719,22
0.375348,0.624652,28
0.000107,0.999893,20
1.000000,0.000000,22
0.000000,1.000000,18
0.027320,0.972679,23
0.000131,0.999869,21
1.000000,0.000000,27
0.999919,0.000081,26
0.998441,0.001559,27
0.000201,0.999799,24
1.000000,0.000000,21
1.000000,0.000000,19
0.029598,0.970402,21
0.186954,0.813046,18
0.016081,0.983919,22
0.948112,0.051888,13
0.000000,1.000000,16
0.999999,0.000001,21
1.000000,0.000000,27
0.020590,0.979410,14
0.999752,0.000248,19
0.000012,0.999988,21
0.024690,0.975310,22
0.999888,0.000112,23
1.000000,0.000000,21
0.000051,0.999949,21
0.000034,0.999966,20
0.000002,0.999998,23
0.970468,0.029532,6
1.000000,0.000000,9
0.709276,0.290724,25
1.000000,0.000000,22
0.000000,1.000000,26
0.999699,0.000301,10
0.001544,0.998456,6
0.974473,0.025527,22
0.999999,0.000001,21
0.995486,0.004514,26
0.015682,0.984318,22
1.000000,0.000000,24
0.019647,0.980353,20
0.357156,0.642844,23
1.000000,0.000000,24
0.205023,0.794977,24
0.000068,0.999932,23
0.493537,0.506463,1
0.001173,0.998827,20
0.173120,0.826880,24
0.999954,0.000046,23
0.999944,0.000056,27
0.999978,0.000022,24
1.000000,0.000000,24
0.999977,0.000023,25
0.996519,0.003481,21
0.001233,0.998767,24
0.000000,1.000000,20
0.000013,0.999987,20
0.000603,0.999397,27
0.999999,0.000001,26
0.000018,0.999982,29
0.999523,0.000477,30
0.020464,0.979536,22
0.000000,1.000000,23
0.752920,0.247080,26
0.004219,0.995781,26
0.000000,1.000000,21
0.999998,0.000002,23
0.866643,0.133357,25
0.155507,0.844493,27
0.939525,0.060475,21
0.000950,0.999050,24
0.999950,0.000050,12
1.000000,0.000000,15
0.000329,0.999671,18
0.154573,0.845427,20
0.994506,0.005494,10
0.001204,0.998796,9
0.999883,0.000117,18
0.603258,0.396742,26
0.000184,0.999816,28
1.000000,0.000000,27
0.999886,0.000114,28
0.000395,0.999605,28
0.022057,0.977943,27
0.999991,0.000009,33
0.995354,0.004646,35
0.725320,0.274680,24
0.003907,0.996092,26
0.999872,0.000128,10
1.000000,0.000000,14
1.000000,0.000000,26
0.999995,0.000005,25
0.996662,0.003338,22
0.984930,0.015070,26
1.000000,0.000000,29
0.999869,0.000131,36
0.999940,0.000060,23
0.916178,0.083822,25
0.000000,1.000000,26
1.000000,0.000000,21
0.000016,0.999984,20
0.172365,0.827635,29
0.830067,0.169933,24
1.000000,0.000000,30
0.987891,0.012109,19
0.000000,1.000000,26
0.385515,0.614485,23
0.999732,0.000268,21
0.000000,1.000000,20
0.816586,0.183414,23
0.000152,0.999848,21
0.986174,0.013826,22
0.998673,0.001327,7
0.972415,0.027585,33
0.999739,0.000261,36
0.989634,0.010366,20
1.000000,0.000000,17
0.320454,0.679546,26
0.000000,1.000000,26
0.000061,0.999939,22
0.999813,0.000187,19
0.916865,0.083135,22
0.471548,0.528452,22
0.000218,0.999782,24
0.318248,0.681752,28
0.000000,1.000000,20
0.989372,0.010628,22
0.000412,0.999589,25
0.049719,0.950281,24
0.039536,0.960464,17
1.000000,0.000000,20
0.155032,0.844968,24
0.000251,0.999749,21
0.000047,0.999953,23
0.999855,0.000145,21
0.999999,0.000001,23
0.998870,0.001130,26
1.000000,0.000000,16
0.000043,0.999957,16
0.949923,0.050078,19
0.302233,0.697767,22
1.000000,0.000000,24
0.985470,0.014530,16
0.999941,0.000059,21
1.000000,0.000000,20
0.000000,1.000000,25
1.000000,0.000000,23
0.965438,0.034562,21
0.000007,0.999993,23
0.019403,0.980597,28
0.000312,0.999689,26
0.023563,0.976437,26
0.993316,0.006684,22
0.999999,0.000001,5
0.999991,0.000009,7
1.000000,0.000000,20
1.000000,0.000000,23
0.010734,0.989267,17
0.120354,0.879646,23
0.000000,1.000000,22
0.998372,0.001628,30
0.070964,0.929036,36
0.000000,1.000000,28
1.000000,0.000000,26
1.000000,0.000000,26
0.002123,0.997877,20
0.000197,0.999803,21
0.999999,0.000001,22
0.006299,0.993701,27
0.002844,0.997156,11
0.000001,0.999999,14
0.002645,0.997355,24
0.000002,0.999998,27
0.071276,0.928724,20
0.023663,0.976337,20
0.999989,0.000011,21
0.995530,0.004470,23
0.000224,0.999776,17
0.000000,1.000000,21
0.999995,0.000005,20
0.780280,0.219720,21
0.902819,0.097181,20
0.999926,0.000074,21
0.697248,0.302752,25
0.999883,0.000117,28
0.354342,0.645658,27
0.000039,0.999961,28
1.000000,0.000000,21
0.000005,0.999995,21
1.000000,0.000000,25
0.000682,0.999318,23
0.001706,0.998294,17
0.964338,0.035662,24
0.000185,0.999815,23
0.004089,0.995911,19
0.000220,0.999780,19
0.999716,0.000284,21
0.000142,0.999858,9
0.000000,1.000000,11
1.000000,0.000000,21
1.000000,0.000000,23
0.997651,0.002349,36
0.997512,0.002488,16
0.993972,0.006028,21
0.000116,0.999884,25
0.854408,0.145592,25
0.635786,0.364214,22
0.997180,0.002820,19
0.999328,0.000672,16
0.000143,0.999857,24
0.002862,0.997138,22
0.020054,0.979946,21
0.038519,0.961481,19
0.000000,1.000000,26
0.977019,0.022981,24
1.000000,0.000000,23
0.000000,1.000000,20
1.000000,0.000000,23
0.986834,0.013166,25
0.000032,0.999968,26
1.000000,0.000000,24
1.000000,0.000000,22
1.000000,0.000000,25
0.277652,0.722348,22
0.000013,0.999987,22
1.000000,0.000000,17
0.000467,0.999533,18
1.000000,0.000000,25
1.000000,0.000000,23
0.035387,0.964613,25
0.000211,0.999789,21
0.000298,0.999702,23
1.000000,0.000000,26
0.999996,0.000004,21
0.006981,0.993019,21
0.999598,0.000402,24
0.983104,0.016896,25
0.000025,0.999975,22
1.000000,0.000000,24
0.843786,0.156214,26
0.943904,0.056096,27
0.000000,1.000000,22
0.002183,0.997817,25
0.835781,0.164219,19
0.002444,0.997556,22
1.000000,0.000000,17
1.000000,0.000001,17
0.999964,0.000036,11
0.145103,0.854897,13
0.779358,0.220642,22
1.000000,0.000000,21
0.843510,0.156490,24
0.000001,0.999999,25
0.065536,0.934464,16
0.313910,0.686090,7
0.997331,0.002669,7
0.999961,0.000039,21
0.006841,0.993159,22
1.000000,0.000000,30
0.999995,0.000005,20
0.000000,1.000000,22
0.000000,1.000000,19
0.999306,0.000694,20
0.976259,0.023741,23
0.805536,0.194464,24
1.000000,0.000000,27
0.142297,0.857703,19
0.999806,0.000194,24
0.018211,0.981789,24
1.000000,0.000000,26
0.001634,0.998366,18
0.003482,0.996518,23
0.999997,0.000003,22
0.982982,0.017018,18
0.999999,0.000001,21
0.999997,0.000003,23
0.992382,0.007618,24
0.004724,0.995276,20
0.999965,0.000035,18
0.998276,0.001724,25
0.485514,0.514486,27
0.038138,0.961862,24
0.600332,0.399668,11
0.980175,0.019825,10
1.000000,0.000000,23
0.936662,0.063338,20
0.000000,1.000000,21
0.999999,0.000001,17
0.000869,0.999131,17
1.000000,0.000000,21
0.970240,0.029760,25
0.000000,1.000000,24
1.000000,0.000000,23
0.992986,0.007014,21
0.984256,0.015744,22
0.873317,0.126683,27
0.557606,0.442394,24
0.981138,0.018862,25
0.999969,0.000031,23
0.087798,0.912202,20
0.095174,0.904826,19
0.999992,0.000008,24
0.000406,0.999594,26
0.000000,1.000000,18
0.483484,0.516516,18
0.930838,0.069162,14
0.000975,0.999025,18
0.949412,0.050588,22
0.000001,0.999999,18
1.000000,0.000000,15
0.018123,0.981877,23
0.999996,0.000004,21
0.000412,0.999588,23
0.011824,0.988176,20
0.000020,0.999980,19
0.999979,0.000021,29
0.000107,0.999892,20
0.999892,0.000107,20
1.000000,0.000000,25
1.000000,0.000000,31
1.000000,0.000000,18
0.000218,0.999782,20
0.000001,0.999999,21
0.000004,0.999996,25
0.000016,0.999984,21
0.931131,0.068870,22
0.974353,0.025647,23
0.672494,0.327506,22
1.000000,0.000000,22
0.791520,0.208480,23
1.000000,0.000000,19
0.000000,1.000000,17
0.997796,0.002204,18
1.000000,0.000000,20
1.000000,0.000000,21
0.996247,0.003754,22
0.013693,0.986307,18
0.098575,0.901425,20
0.261130,0.738870,19
0.016767,0.983233,21
0.999599,0.000401,12
0.056026,0.943974,14
1.000000,0.000000,25
0.999999,0.000001,21
1.000000,0.000000,14
0.016429,0.983571,22
0.999995,0.000005,18
0.000000,1.000000,18
0.999991,0.000009,21
0.078810,0.921190,19
0.998176,0.001824,21
0.958915,0.041085,23
0.000000,1.000000,28
0.999256,0.000744,21
1.000000,0.000000,25
0.000557,0.999443,23
1.000000,0.000000,26
0.007703,0.992297,23
0.160149,0.839851,22
0.999999,0.000001,24
0.000000,1.000000,22
0.264047,0.735953,19
0.982508,0.017492,38
0.897343,0.102657,6
0.004712,0.995288,7
0.999999,0.000001,24
0.000306,0.999694,21
0.999477,0.000523,26
0.803730,0.196270,19
0.000072,0.999928,19
0.027634,0.972366,16
0.999989,0.000011,23
0.995501,0.004499,20
0.999998,0.000002,23
1.000000,0.000000,25
1.000000,0.000000,23
0.999981,0.000019,22
0.038624,0.961376,29
0.942477,0.057523,4
0.999995,0.000005,19
0.952249,0.047751,21
0.999892,0.000108,21
0.088018,0.911982,22
0.998682,0.001318,16
0.007911,0.992089,21
0.990942,0.009058,30
0.920443,0.079557,30
0.968129,0.031871,17
0.000000,1.000000,25
0.999457,0.000543,23
0.000032,0.999968,24
0.972840,0.027160,20
0.000509,0.999491,15
0.979297,0.020703,11
0.999978,0.000022,24
0.977623,0.022377,17
0.703477,0.296523,22
1.000000,0.000000,22
0.998632,0.001368,18
1.000000,0.000000,19
0.000001,0.999999,20
0.999999,0.000001,16
0.805412,0.194588,19
0.769654,0.230346,27
0.015411,0.984589,25
0.999877,0.000123,24
0.999999,0.000001,20
0.000000,1.000000,22
0.999978,0.000022,26
0.999991,0.000009,22
1.000000,0.000000,15
0.000392,0.999608,25
0.694354,0.305646,15
0.000069,0.999931,19
0.999545,0.000455,21
0.012266,0.987734,7
0.945260,0.054740,7
0.002514,0.997486,20
1.000000,0.000000,27
0.912648,0.087352,23
0.000001,0.999999,21
0.000060,0.999940,21
0.286261,0.713739,29
0.999716,0.000284,32
0.957965,0.042035,23
0.005310,0.994690,22
1.000000,0.000000,21
0.169228,0.830772,24
0.026411,0.973589,27
0.984568,0.015432,24
0.005164,0.994836,26
0.162997,0.837003,23
0.709262,0.290738,20
0.231803,0.768197,24
0.987676,0.012324,20
0.065131,0.934869,19
0.000000,1.000000,17
0.000801,0.999199,20
0.000004,0.999996,49
0.999557,0.000443,22
0.129269,0.870731,21
0.001027,0.998973,20
1.000000,0.000000,20
0.996674,0.003326,21
0.145287,0.854713,22
0.074611,0.925389,23
0.006793,0.993207,20
0.000222,0.999778,18
0.119865,0.880135,22
0.658428,0.341572,20
0.009832,0.990168,20
1.000000,0.000000,23
0.000223,0.999777,15
0.031244,0.968756,24
0.997086,0.002914,30
0.000724,0.999276,25
0.996731,0.003269,26
0.001570,0.998430,27
0.990432,0.009568,24
0.071025,0.928975,28
0.463975,0.536025,23
0.000000,1.000000,25
0.000050,0.999950,24
0.288439,0.711561,24
0.000352,0.999648,22
0.999997,0.000003,26
0.096320,0.903680,23
0.000012,0.999988,23
0.999999,0.000001,20
1.000000,0.000000,20
1.000000,0.000000,21
0.999629,0.000371,23
0.978905,0.021095,21
0.719204,0.280796,21
0.385604,0.614395,25
0.492089,0.507911,27
0.925026,0.074974,27
0.379713,0.620287,18
0.109953,0.890047,27
0.999985,0.000015,25
0.000000,1.000000,46
0.001809,0.998191,21
0.000000,1.000000,48
0.014522,0.985478,18
0.536001,0.463999,22
0.481950,0.518050,20
0.020000,0.980000,21
0.974862,0.025139,16
0.999927,0.000073,26
0.852868,0.147132,17
0.999995,0.000005,24
0.000080,0.999920,19
0.000001,0.999999,20
0.998500,0.001500,21
0.026884,0.973116,18
1.000000,0.000000,28
0.996780,0.003220,19
1.000000,0.000000,22
0.000001,0.999999,21
0.985990,0.014010,22
1.000000,0.000000,24
0.996183,0.003817,21
0.384943,0.615057,21
0.394981,0.605019,21
0.003822,0.996178,18
1.000000,0.000000,22
0.032436,0.967564,23
0.000001,0.999999,27
0.307488,0.692512,23
0.000033,0.999967,12
0.000001,0.999999,15
0.021686,0.978314,22
0.303437,0.696563,22
0.763106,0.236895,24
0.997664,0.002336,26
0.092308,0.907692,23
0.263583,0.736417,22
0.861227,0.138773,24
0.000001,0.999999,25
0.999979,0.000021,21
0.000009,0.999991,22
0.967429,0.032571,22
0.998740,0.001260,21
1.000000,0.000000,24
0.999980,0.000020,23
0.999147,0.000853,18
0.999347,0.000653,24
0.998945,0.001055,22
0.432981,0.567019,13
0.706641,0.293359,23
0.999755,0.000245,25
0.020201,0.979799,26
0.766816,0.233184,23
0.008959,0.991041,22
0.053820,0.946180,25
0.065781,0.934219,26
0.693399,0.306601,23
1.000000,0.000000,27
0.770339,0.229661,29
0.209700,0.790300,24
1.000000,0.000000,21
0.006119,0.993881,19
0.003623,0.996377,24
1.000000,0.000000,26
0.002138,0.997863,14
0.999816,0.000184,16
0.999132,0.000868,30
0.000544,0.999456,34
0.000653,0.999347,20
0.966034,0.033966,22
0.981256,0.018744,23
0.117185,0.882815,22
0.000039,0.999961,26
0.000035,0.999965,21
0.922778,0.077222,23
0.094052,0.905948,21
0.872683,0.127317,22
0.007656,0.992344,21
0.065551,0.934449,23
0.216715,0.783285,21
1.000000,0.000000,23
1.000000,0.000000,19
0.000027,0.999973,26
1.000000,0.000000,17
0.993190,0.006810,17
0.000346,0.999654,10
0.996979,0.003021,22
0.001797,0.998203,23
1.000000,0.000000,31
0.252118,0.747882,23
0.997939,0.002061,22
0.999005,0.000995,26
0.906113,0.093887,22
0.086459,0.913541,23
1.000000,0.000000,17
0.000002,0.999997,19
0.999246,0.000754,25
0.999690,0.000310,22
0.990708,0.009292,18
0.999922,0.000078,20
0.999999,0.000001,22
0.768077,0.231923,25
0.999955,0.000045,18
0.916166,0.083834,20
0.000000,1.000000,20
0.115090,0.884910,21
0.999048,0.000952,21
1.000000,0.000000,24
0.007526,0.992474,19
0.669278,0.330722,22
0.000504,0.999496,21
0.000000,1.000000,22
1.000000,0.000000,26
1.000000,0.000000,28
0.493537,0.506463,1
0.000001,0.999999,5
0.493537,0.506463,1
0.001829,0.998171,7
0.004882,0.995118,26
0.000435,0.999565,29
0.135555,0.864445,20
0.999999,0.000001,22
0.958261,0.041739,24
0.999865,0.000135,20
0.001324,0.998676,27
0.000050,0.999950,24
1.000000,0.000000,25
0.000000,1.000000,24
0.000783,0.999217,24
1.000000,0.000000,19
0.964967,0.035033,19
0.968856,0.031144,23
0.974582,0.025418,26
0.999961,0.000039,26
0.000772,0.999228,21
0.971997,0.028003,20
0.999997,0.000003,24
0.009965,0.990035,25
0.999999,0.000001,23
0.999479,0.000521,19
0.999826,0.000174,16
0.000002,0.999998,19
0.068046,0.931954,23
0.026557,0.973443,24
0.999999,0.000001,25
1.000000,0.000000,22
0.894719,0.105281,23
0.998158,0.001842,25
0.999860,0.000140,23
0.000006,0.999994,24
0.995295,0.004705,22
0.999968,0.000032,18
0.984302,0.015698,20
0.278735,0.721265,21
0.999975,0.000025,27
0.113156,0.886844,20
1.000000,0.000000,24
0.036247,0.963753,26
0.170007,0.829993,21
0.819285,0.180715,20
1.000000,0.000000,24
0.997325,0.002675,16
1.000000,0.000000,20
0.999847,0.000153,20
0.001447,0.998553,24
0.041878,0.958122,16
0.729000,0.271000,21
1.000000,0.000000,24
0.105712,0.894288,20
0.000165,0.999835,25
0.040440,0.959560,20
1.000000,0.000000,27
0.106112,0.893888,23
0.000003,0.999997,17
0.999972,0.000028,21
1.000000,0.000000,23
0.999932,0.000068,21
1.000000,0.000000,21
0.528805,0.471195,25
0.131026,0.868974,26
1.000000,0.000000,22
0.999963,0.000037,8
0.844485,0.155515,21
0.539759,0.460241,20
0.999921,0.000079,21
0.456051,0.543949,22
0.846151,0.153849,26
1.000000,0.000000,25
0.989358,0.010642,26
0.431716,0.568284,21
0.984935,0.015065,20
1.000000,0.000000,22
0.370886,0.629114,22
0.999950,0.000050,24
0.127657,0.872343,24
1.000000,0.000000,30
0.661434,0.338566,20
1.000000,0.000000,24
0.991077,0.008923,23
0.999999,0.000001,18
0.893004,0.106996,24
0.007582,0.992418,24
0.999687,0.000313,31
0.954422,0.045578,25
1.000000,0.000000,24
0.002473,0.997527,24
0.434222,0.565778,19
0.000104,0.999896,20
0.735653,0.264347,24
0.999536,0.000464,22
1.000000,0.000000,20
0.826451,0.173549,20
0.073510,0.926490,24
1.000000,0.000000,21
0.999968,0.000032,23
0.165345,0.834655,19
0.996891,0.003109,24
0.049501,0.950499,22
0.011922,0.988078,24
0.999577,0.000423,24
0.000000,1.000000,28
0.010834,0.989166,30
1.000000,0.000000,25
0.000000,1.000000,22
0.000000,1.000000,25
0.963566,0.036434,23
0.001253,0.998747,27
0.000000,1.000000,23
0.979720,0.020280,23
0.000002,0.999998,12
0.640845,0.359155,20
0.999996,0.000004,24
0.941773,0.058227,16
1.000000,0.000000,26
0.999999,0.000001,18
0.126748,0.873252,20
0.491249,0.508751,21
0.998549,0.001451,20
0.999351,0.000649,21
0.005385,0.994615,23
1.000000,0.000000,23
1.000000,0.000000,22
0.035932,0.964068,26
0.000000,1.000000,26
0.912969,0.087031,25
0.982546,0.017454,22
1.000000,0.000000,17
0.999879,0.000121,22
0.054947,0.945053,19
0.000703,0.999297,27
0.000876,0.999124,22
0.794855,0.205145,21
0.268906,0.731094,24
1.000000,0.000000,25
0.988050,0.011950,22
0.996585,0.003415,29
0.999874,0.000126,32
0.999562,0.000438,21
0.000011,0.999989,26
0.928808,0.071192,22
0.959175,0.040825,20
0.100136,0.899864,18
0.000000,1.000000,23
0.000000,1.000000,18
0.678322,0.321678,23
0.000914,0.999086,20
1.000000,0.000000,21
0.001811,0.998189,21
1.000000,0.000000,35
0.000003,0.999997,22
0.000153,0.999847,19
0.534850,0.465150,24
0.000190,0.999810,25
0.000000,1.000000,22
0.000000,1.000000,23
1.000000,0.000000,24
0.000000,1.000000,21
1.000000,0.000000,11
1.000000,0.000000,11
0.000074,0.999926,20
0.035381,0.964619,22
1.000000,0.000000,17
0.059374,0.940626,19
0.002891,0.997109,26
0.000005,0.999995,27
0.000003,0.999997,20
0.000000,1.000000,27
1.000000,0.000000,27
0.008238,0.991762,20
0.914286,0.085714,21
0.999986,0.000014,24
0.018212,0.981788,25
0.000475,0.999525,23
0.750944,0.249056,21
0.964206,0.035794,21
0.000004,0.999996,21
0.990469,0.009531,23
0.999972,0.000028,21
0.000243,0.999757,22
1.000000,0.000000,27
0.999662,0.000338,20
0.030684,0.969316,21
0.999454,0.000546,23
0.999999,0.000001,27
0.698912,0.301088,25
0.969470,0.030530,27
1.000000,0.000000,26
0.558491,0.441509,26
0.092603,0.907397,18
0.763198,0.236802,18
0.000001,0.999999,22
1.000000,0.000000,25
0.736229,0.263771,18
0.011175,0.988825,18
0.991079,0.008921,24
0.155390,0.844610,23
0.045355,0.954645,21
1.000000,0.000000,27
0.000635,0.999365,20
0.985698,0.014302,20
0.861859,0.138141,22
0.999999,0.000001,25
0.022383,0.977617,17
0.016057,0.983943,19
1.000000,0.000000,24
0.981106,0.018894,25
0.997021,0.002979,28
0.935015,0.064985,24
0.000162,0.999838,26
0.000366,0.999634,22
0.534019,0.465981,19
0.999998,0.000002,19
0.953603,0.046397,23
0.999877,0.000123,15
1.000000,0.000000,18
0.004049,0.995951,14
0.994220,0.005781,15
1.000000,0.000000,21
0.186703,0.813297,18
0.028925,0.971075,13
0.999737,0.000263,27
0.000000,1.000000,21
0.000000,1.000000,19
0.000073,0.999927,20
0.994964,0.005036,23
0.997404,0.002596,22
0.986651,0.013349,19
0.000047,0.999953,22
0.630834,0.369166,1
0.007038,0.992962,27
0.999999,0.000001,22
0.993774,0.006226,24
0.000000,1.000000,19
0.057554,0.942446,21
0.003199,0.996801,25
0.844093,0.155907,28
0.000006,0.999994,22
1.000000,0.000000,20
0.752454,0.247546,27
0.999238,0.000762,30
0.592795,0.407205,23
0.821304,0.178696,27
0.000446,0.999554,19
0.999906,0.000094,21
0.002315,0.997685,16
1.000000,0.000000,18
0.371859,0.628141,24
0.999982,0.000018,19
0.991811,0.008189,28
0.462745,0.537255,19
1.000000,0.000000,19
0.000360,0.999640,20
0.001832,0.998168,22
0.000069,0.999931,24
0.000001,0.999999,22
0.000052,0.999948,11
0.000623,0.999377,21
0.839417,0.160583,21
0.000071,0.999929,24
0.001745,0.998255,28
0.036394,0.963606,24
0.000027,0.999973,25
0.999943,0.000057,18
0.985450,0.014550,26
0.000585,0.999415,16
1.000000,0.000000,21
0.093136,0.906864,26
0.039469,0.960531,23
0.000267,0.999734,16
0.006892,0.993108,24
1.000000,0.000000,19
0.996427,0.003573,19
1.000000,0.000000,23
0.000050,0.999950,23
1.000000,0.000000,20
0.999928,0.000072,5
0.999928,0.000072,5
0.973934,0.026066,24
0.000241,0.999759,23
0.238453,0.761547,21
1.000000,0.000000,20
0.950409,0.049591,20
0.000303,0.999697,21
0.811273,0.188727,22
0.000029,0.999971,25
0.998343,0.001657,27
0.259698,0.740302,21
0.000171,0.999829,17
0.000492,0.999508,19
0.997266,0.002734,24
0.000001,0.999999,12
0.999997,0.000003,26
1.000000,0.000000,18
0.999553,0.000447,25
0.999468,0.000532,23
0.903205,0.096795,22
0.032742,0.967258,23
0.000233,0.999767,22
0.999998,0.000002,18
0.999979,0.000021,22
0.986199,0.013801,22
0.829762,0.170238,20
0.050211,0.949789,25
0.031125,0.968875,29
0.315598,0.684402,34
0.000000,1.000000,22
0.000002,0.999998,20
0.002834,0.997166,23
0.000000,1.000000,19
0.045570,0.954430,21
0.072302,0.927698,20
1.000000,0.000000,28
0.999662,0.000338,24
0.750525,0.249475,19
0.000102,0.999898,26
0.973196,0.026804,25
0.000000,1.000000,23
0.000001,0.999999,22
0.984086,0.015914,24
1.000000,0.000000,24
0.000170,0.999830,21
0.000703,0.999297,22
0.073902,0.926098,26
0.999972,0.000028,8
0.999999,0.000001,12
0.174801,0.825199,12
0.999999,0.000001,15
0.000997,0.999003,23
0.095758,0.904242,23
0.000001,0.999999,21
0.999972,0.000028,23
0.996600,0.003400,23
0.999880,0.000120,20
0.659382,0.340619,20
0.057803,0.942197,19
0.585215,0.414785,23
0.999862,0.000138,28
0.000000,1.000000,20
0.017006,0.982994,23
0.994548,0.005452,22
0.901236,0.098764,23
1.000000,0.000000,28
0.994182,0.005818,31
0.009413,0.990587,20
0.999881,0.000119,16
0.000000,1.000000,15
0.000000,1.000000,21
0.529329,0.470671,22
0.073180,0.926820,22
0.217747,0.782253,23
0.001471,0.998529,22
0.999316,0.000684,26
0.726673,0.273327,21
0.940867,0.059133,24
0.000008,0.999992,25
0.999995,0.000005,26
1.000000,0.000000,22
0.999830,0.000170,24
0.841221,0.158779,24
0.000021,0.999979,21
0.999998,0.000002,20
0.999596,0.000404,20
0.000015,0.999985,21
0.039418,0.960582,22
0.998002,0.001998,20
1.000000,0.000000,17
0.998793,0.001207,22
0.980576,0.019424,20
1.000000,0.000000,22
1.000000,0.000000,20
0.093602,0.906398,22
0.062225,0.937775,21
0.995997,0.004003,23
0.999999,0.000001,22
0.999987,0.000013,21
0.000828,0.999172,25
0.994267,0.005733,26
0.002165,0.997835,27
0.660144,0.339856,24
0.095112,0.904888,26
0.999613,0.000387,26
0.020806,0.979194,24
0.999993,0.000007,29
1.000000,0.000000,29
0.988807,0.011193,27
0.018776,0.981224,25
0.999988,0.000012,28
0.030066,0.969934,27
0.000009,0.999991,22
0.000145,0.999855,22
0.977478,0.022522,18
0.990904,0.009096,17
0.998339,0.001661,18
0.000001,0.999999,20
0.259265,0.740735,23
0.999999,0.000001,23
0.958377,0.041623,23
0.937651,0.062349,27
0.000021,0.999979,24
0.007194,0.992806,27
0.999998,0.000002,23
0.999947,0.000053,17
0.380644,0.619357,21
0.165207,0.834793,21
0.970337,0.029663,26
0.999421,0.000579,26
1.000000,0.000000,25
0.998001,0.001999,11
0.858286,0.141714,18
0.000000,1.000000,19
0.996047,0.003953,23
0.943846,0.056154,21
0.000000,1.000000,26
0.999970,0.000030,22
0.040458,0.959542,25
1.000000,0.000000,20
0.977514,0.022486,22
0.000000,1.000000,20
0.000001,0.999999,22
0.056646,0.943354,22
0.006717,0.993283,21
1.000000,0.000000,19
0.138788,0.861212,20
0.000003,0.999997,21
0.990255,0.009745,8
1.000000,0.000000,14
0.998921,0.001079,19
0.994626,0.005374,21
0.000108,0.999892,22
0.993134,0.006865,24
0.000601,0.999398,25
0.000816,0.999184,22
0.045366,0.954634,22
0.050124,0.949876,21
0.000000,1.000000,22
0.000000,1.000000,23
0.000045,0.999955,26
0.999999,0.000001,21
0.000426,0.999574,20
0.999878,0.000122,20
0.998883,0.001117,25
0.984896,0.015104,24
0.283901,0.716099,25
0.103513,0.896487,29
0.999942,0.000058,21
0.999998,0.000002,22
0.798284,0.201716,25
1.000000,0.000000,26
1.000000,0.000000,26
0.999649,0.000351,7
0.122351,0.877649,11
1.000000,0.000000,22
0.253028,0.746972,21
0.999774,0.000226,21
0.000000,1.000000,21
0.630834,0.369166,1
0.000000,1.000000,24
0.797058,0.202942,21
0.957904,0.042096,18
0.296947,0.703053,18
0.000623,0.999377,7
0.193273,0.806727,21
1.000000,0.000000,23
0.032290,0.967710,23
0.000000,1.000000,22
0.000030,0.999970,17
0.000016,0.999984,20
0.999732,0.000268,19
0.000000,1.000000,21
1.000000,0.000000,29
0.999041,0.000958,31
0.999526,0.000474,15
0.965782,0.034218,20
0.018799,0.981201,12
1.000000,0.000000,22
0.999699,0.000301,25
0.999998,0.000002,23
0.000033,0.999967,20
0.000000,1.000000,24
0.990877,0.009123,21
0.000118,0.999882,23
0.011472,0.988528,25
1.000000,0.000000,23
0.996770,0.003230,24
1.000000,0.000000,28
1.000000,0.000000,22
1.000000,0.000000,23
1.000000,0.000000,21
0.000001,0.999999,23
0.998818,0.001182,25
0.757639,0.242361,21
0.100380,0.899620,20
0.000016,0.999984,22
0.048906,0.951095,16
0.999727,0.000273,21
0.987477,0.012523,19
0.000005,0.999995,24
0.047547,0.952453,22
0.952920,0.047080,21
0.930997,0.069003,21
0.999998,0.000002,24
0.001707,0.998293,9
0.000073,0.999927,12
0.004073,0.995927,20
0.416498,0.583502,17
0.766677,0.233323,22
1.000000,0.000000,21
0.334350,0.665649,25
0.986127,0.013873,19
0.977885,0.022115,22
1.000000,0.000000,23
0.999863,0.000137,24
0.927706,0.072294,22
0.986068,0.013932,24
0.965016,0.034984,18
0.997664,0.002336,22
0.000244,0.999756,23
0.999629,0.000371,21
0.988253,0.011747,21
0.999982,0.000018,21
0.027880,0.972120,23
0.217188,0.782812,23
0.935121,0.064879,24
0.088151,0.911849,14
0.000375,0.999625,18
0.362912,0.637088,21
0.999921,0.000079,26
0.170729,0.829271,3
0.000000,1.000000,18
0.002410,0.997590,22
0.824302,0.175698,23
0.996056,0.003944,8
0.999988,0.000012,23
0.000002,0.999998,13
0.999999,0.000001,24
0.213700,0.786301,21
0.940270,0.059730,24
0.998878,0.001122,20
0.000030,0.999970,23
1.000000,0.000000,24
0.995168,0.004832,22
1.000000,0.000000,22
0.000246,0.999754,26
0.999914,0.000086,23
0.908763,0.091237,24
0.000161,0.999839,29
0.000798,0.999202,25
0.882783,0.117217,19
1.000000,0.000000,22
0.992630,0.007370,22
0.000000,1.000000,22
1.000000,0.000000,21
0.997906,0.002094,24
0.997973,0.002027,19
0.000000,1.000000,21
0.000112,0.999888,27
0.974856,0.025144,24
0.999997,0.000003,23
0.000009,0.999991,23
1.000000,0.000000,25
0.000001,0.999999,22
0.000000,1.000000,24
0.394915,0.605085,26
0.346955,0.653045,29
0.004606,0.995394,23
0.999691,0.000309,23
0.076928,0.923072,24
0.965505,0.034495,25
0.986652,0.013348,26
0.999933,0.000067,25
0.000027,0.999973,23
1.000000,0.000000,26
0.015807,0.984193,10
0.007680,0.992320,14
0.080792,0.919208,16
0.041033,0.958967,10
0.999997,0.000002,23
1.000000,0.000000,22
0.378623,0.621377,16
0.042444,0.957556,18
0.014101,0.985899,21
0.000000,1.000000,22
0.232410,0.767590,25
0.000066,0.999934,22
0.006515,0.993485,24
0.999837,0.000163,21
0.139720,0.860280,20
0.730713,0.269287,21
0.895889,0.104111,21
0.000072,0.999928,21
0.999979,0.000021,19
0.916580,0.083420,25
0.000001,0.999999,24
0.000174,0.999826,22
0.796214,0.203786,21
0.936956,0.063043,25
0.000094,0.999906,22
1.000000,0.000000,25
0.002299,0.997701,20
0.998096,0.001904,19
0.980207,0.019793,21
0.000031,0.999969,23
1.000000,0.000000,23
0.993063,0.006937,20
0.000004,0.999996,18
0.180904,0.819096,20
0.390062,0.609938,22
0.001472,0.998528,22
0.999941,0.000059,17
0.171970,0.828030,22
0.000821,0.999179,28
0.836335,0.163665,30
0.000010,0.999990,20
0.000004,0.999996,19
1.000000,0.000000,18
0.002531,0.997469,27
0.004939,0.995061,26
0.983163,0.016837,24
0.010187,0.989813,18
0.078971,0.921029,22
1.000000,0.000000,23
0.996812,0.003188,21
1.000000,0.000000,18
0.005970,0.994030,17
0.092406,0.907594,21
0.993267,0.006733,24
0.999993,0.000007,22
0.999672,0.000328,19
0.090748,0.909252,20
0.000041,0.999959,25
0.000897,0.999103,27
1.000000,0.000000,23
0.794076,0.205924,23
0.999976,0.000024,26
0.004561,0.995439,24
0.986156,0.013844,25
0.998556,0.001444,25
0.000602,0.999398,22
0.995586,0.004414,22
1.000000,0.000000,21
1.000000,0.000000,27
0.025245,0.974755,20
0.438123,0.561877,21
0.999990,0.000010,14
0.820573,0.179427,18
0.998618,0.001381,8
0.912199,0.087801,21
0.000000,1.000000,19
1.000000,0.000000,24
0.003384,0.996616,24
1.000000,0.000000,24
0.000213,0.999787,24
0.999991,0.000009,17
0.999835,0.000165,23
0.999877,0.000123,27
0.000000,1.000000,15
0.000000,1.000000,19
1.000000,0.000000,19
0.999159,0.000841,23
0.974457,0.025543,23
0.000010,0.999990,10
0.000002,0.999998,16
1.000000,0.000000,22
1.000000,0.000000,25
0.000000,1.000000,25
0.922853,0.077146,21
1.000000,0.000000,72
0.999999,0.000001,19
0.954004,0.045996,20
0.003690,0.996310,20
0.000000,1.000000,21
0.999971,0.000029,27
1.000000,0.000000,28
0.000002,0.999998,5
0.002500,0.997500,22
0.003898,0.996102,26
0.000103,0.999897,21
0.082726,0.917274,22
0.999996,0.000004,24
1.000000,0.000000,25
0.000000,1.000000,14
0.991682,0.008318,18
0.950428,0.049572,28
0.337324,0.662676,24
1.000000,0.000000,23
0.085661,0.914339,24
1.000000,0.000000,23
0.999791,0.000209,23
0.779893,0.220107,25
1.000000,0.000000,23
0.978659,0.021341,29
0.061501,0.938499,20
0.853081,0.146919,19
1.000000,0.000000,25
0.002434,0.997566,30
0.000036,0.999964,23
0.999999,0.000001,29
0.688910,0.311090,22
0.991352,0.008648,24
0.011139,0.988861,24
0.477571,0.522429,22
0.999999,0.000001,21
0.872240,0.127760,22
0.894274,0.105726,22
1.000000,0.000000,25
0.000000,1.000000,19
1.000000,0.000000,19
0.011834,0.988166,21
1.000000,0.000000,18
1.000000,0.000000,18
0.537319,0.462681,25
0.999797,0.000203,24
0.880028,0.119972,25
0.000000,1.000000,25
0.384174,0.615826,25
0.993490,0.006510,25
0.011641,0.988359,22
0.975415,0.024585,24
0.735834,0.264166,17
0.022515,0.977485,21
0.170729,0.829271,3
0.999969,0.000031,20
0.954171,0.045829,19
0.137079,0.862921,22
0.000017,0.999983,21
0.000006,0.999994,27
0.999984,0.000016,25
0.357442,0.642558,27
0.999943,0.000057,26
0.999610,0.000390,21
0.000451,0.999549,23
0.992157,0.007843,21
0.020805,0.979195,27
0.996579,0.003421,19
0.999999,0.000001,18
0.000000,1.000000,23
0.000000,1.000000,20
0.999994,0.000006,22
0.968384,0.031616,21
0.099143,0.900857,19
0.999610,0.000390,21
0.896438,0.103562,20
0.000069,0.999931,21
0.000011,0.999989,23
0.000465,0.999535,22
0.999679,0.000321,24
1.000000,0.000000,22
0.000000,1.000000,23
0.999985,0.000015,25
1.000000,0.000000,21
0.999991,0.000009,25
0.999939,0.000061,22
0.000000,1.000000,19
0.992658,0.007342,19
0.428642,0.571358,27
0.999914,0.000086,21
0.000030,0.999970,23
1.000000,0.000000,23
0.009587,0.990413,26
0.999995,0.000005,20
0.714203,0.285797,23
0.000000,1.000000,24
0.999935,0.000065,24
0.971676,0.028324,25
0.000000,1.000000,24
1.000000,0.000000,29
0.012532,0.987468,26
0.999995,0.000005,21
1.000000,0.000000,22
0.000075,0.999925,21
0.999767,0.000233,23
1.000000,0.000000,20
1.000000,0.000000,23
0.994158,0.005842,14
0.002744,0.997256,17
0.165181,0.834819,23
0.998844,0.001156,22
0.999204,0.000797,22
0.999806,0.000194,22
1.000000,0.000000,26
0.999410,0.000590,23
0.033705,0.966295,24
0.000138,0.999862,21
0.028245,0.971755,23
0.009637,0.990363,22
0.008515,0.991485,19
0.000015,0.999985,17
0.108641,0.891359,20
1.000000,0.000000,26
0.965729,0.034271,26
0.999942,0.000058,24
1.000000,0.000000,24
0.085267,0.914733,22
0.001890,0.998110,13
0.059598,0.940402,16
0.000177,0.999823,6
0.001561,0.998439,6
0.000193,0.999807,12
0.003680,0.996320,12
0.733031,0.266969,25
0.002558,0.997442,20
0.000001,0.999999,23
0.019710,0.980290,29
0.000920,0.999080,16
0.000001,0.999999,19
0.000557,0.999443,18
0.000786,0.999214,13
0.000000,1.000000,18
0.999969,0.000031,14
0.001053,0.998946,16
0.060936,0.939064,18
1.000000,0.000000,23
0.998537,0.001463,12
1.000000,0.000000,11
1.000000,0.000000,16
0.986360,0.013640,22
0.992864,0.007136,19
0.757765,0.242235,21
0.000026,0.999974,26
0.001624,0.998376,25
0.411378,0.588622,22
0.000000,1.000000,22
0.923297,0.076703,22
1.000000,0.000000,10
0.999975,0.000025,17
0.000000,1.000000,12
0.002999,0.997001,19
0.644679,0.355321,17
0.019742,0.980258,19
0.000001,0.999999,25
1.000000,0.000000,24
1.000000,0.000000,18
0.103469,0.896531,19
0.108251,0.891749,25
1.000000,0.000000,24
0.001867,0.998133,23
1.000000,0.000000,24
0.999226,0.000774,21
1.000000,0.000000,24
0.999998,0.000002,24
0.000000,1.000000,25
1.000000,0.000000,22
0.987865,0.012135,21
0.893780,0.106220,20
0.938261,0.061739,18
0.999978,0.000022,24
0.495796,0.504204,23
1.000000,0.000000,18
0.000219,0.999781,18
0.004756,0.995244,19
0.000000,1.000000,22
0.059070,0.940930,19
0.000000,1.000000,19
0.000001,0.999999,15
1.000000,0.000000,22
1.000000,0.000000,25
0.001059,0.998941,24
0.989565,0.010435,21
1.000000,0.000000,27
0.000295,0.999705,20
0.999999,0.000001,25
0.976382,0.023618,11
0.000011,0.999989,10
0.000000,1.000000,7
0.000000,1.000000,6
0.944605,0.055395,12
0.006548,0.993452,17
0.999975,0.000025,14
0.998527,0.001473,17
0.999982,0.000018,31
0.803999,0.196001,27
0.000411,0.999589,27
0.999594,0.000406,20
0.499426,0.500574,26
0.000703,0.999297,28
1.000000,0.000001,11
0.000069,0.999931,22
0.000369,0.999631,21
0.773384,0.226616,23
0.000767,0.999233,22
0.000162,0.999838,14
0.999992,0.000008,19
0.015581,0.984419,25
0.025109,0.974891,23
0.000364,0.999635,24
0.999899,0.000101,18
0.925397,0.074604,22
0.874506,0.125494,19
0.000024,0.999976,17
0.002886,0.997114,21
0.985087,0.014913,23
0.002932,0.997068,19
0.024442,0.975558,25
0.999810,0.000190,22
0.591863,0.408137,24
0.999925,0.000075,25
0.627933,0.372067,4
0.998377,0.001623,6
0.040823,0.959177,3
0.677875,0.322125,4
0.995714,0.004285,4
0.090656,0.909344,5
0.125883,0.874117,13
0.564112,0.435888,16
0.000001,0.999999,17
0.000005,0.999995,20
0.386655,0.613345,22
0.589607,0.410393,23
0.029175,0.970825,23
0.003541,0.996459,21
0.138071,0.861929,23
1.000000,0.000000,28
0.999976,0.000024,23
0.999925,0.000075,25
0.390068,0.609932,22
0.958635,0.041365,26
0.000000,1.000000,20
0.999447,0.000553,24
0.000000,1.000000,16
0.995267,0.004733,16
0.000063,0.999937,21
0.000000,1.000000,16
0.490196,0.509804,19
0.002417,0.997583,19
0.554465,0.445535,9
0.000055,0.999945,13
1.000000,0.000000,25
0.985858,0.014142,24
0.239254,0.760746,22
1.000000,0.000000,20
1.000000,0.000000,21
0.711787,0.288213,22
0.000636,0.999364,22
0.998920,0.001080,17
0.999984,0.000017,17
0.001620,0.998380,21
0.995384,0.004616,20
0.895579,0.104421,23
0.999972,0.000028,27
0.700979,0.299021,14
0.000004,0.999996,17
0.000001,0.999999,19
0.603681,0.396319,24
0.999995,0.000005,25
0.999137,0.000864,23
0.003383,0.996617,25
0.000001,0.999999,24
1.000000,0.000000,25
0.000033,0.999967,26
0.006862,0.993138,19
0.268795,0.731205,20
1.000000,0.000000,21
0.000014,0.999986,25
0.999389,0.000611,21
1.000000,0.000000,21
0.005942,0.994058,24
0.000000,1.000000,23
0.006270,0.993730,18
0.933728,0.066272,20
0.596560,0.403440,16
0.999726,0.000274,22
0.998938,0.001062,21
0.008749,0.991251,20
0.533792,0.466208,23
0.000006,0.999994,10
0.999999,0.000001,18
1.000000,0.000000,23
0.000009,0.999991,17
0.999778,0.000222,18
0.000000,1.000000,11
1.000000,0.000000,12
0.999931,0.000069,25
0.999976,0.000024,21
0.999977,0.000023,24
0.864037,0.135963,19
0.143125,0.856875,20
0.889494,0.110506,23
0.982610,0.017390,18
0.000000,1.000000,38
0.000018,0.999982,41
0.000000,1.000000,21
0.029935,0.970065,23
1.000000,0.000000,20
0.999883,0.000117,22
1.000000,0.000000,18
0.165335,0.834665,20
0.040630,0.959370,20
0.926195,0.073805,22
0.000021,0.999979,22
0.999998,0.000002,24
0.049890,0.950110,19
1.000000,0.000000,18
0.881674,0.118326,20
0.000001,1.000000,22
1.000000,0.000000,22
0.884371,0.115629,22
0.818282,0.181718,20
0.996754,0.003246,25
0.688841,0.311159,24
0.967138,0.032862,20
0.000813,0.999187,21
0.903212,0.096788,22
1.000000,0.000000,23
0.000001,0.999999,9
0.000049,0.999951,5
0.999987,0.000013,21
0.996902,0.003098,21
0.896718,0.103282,20
0.999978,0.000022,20
0.000004,0.999996,16
0.998235,0.001765,22
0.158736,0.841264,23
0.000000,1.000000,25
0.012792,0.987208,24
0.008697,0.991303,22
0.000688,0.999312,21
0.055918,0.944082,22
1.000000,0.000000,25
0.000003,0.999997,21
0.000001,0.999999,23
0.001524,0.998476,17
0.000000,1.000000,21
0.000000,1.000000,20
0.000149,0.999851,18
0.988728,0.011272,21
0.677706,0.322294,23
0.185535,0.814465,21
0.005417,0.994583,7
0.996009,0.003991,14
0.000000,1.000000,21
0.071532,0.928468,19
0.003553,0.996447,23
0.999690,0.000310,22
0.022607,0.977393,21
0.997299,0.002701,23
0.999951,0.000049,21
0.000000,1.000000,19
0.735273,0.264727,25
0.473974,0.526026,24
0.826888,0.173112,21
0.873938,0.126062,25
0.999666,0.000334,17
0.416855,0.583145,19
0.000043,0.999957,23
0.999869,0.000131,20
0.000058,0.999942,23
0.000000,1.000000,20
0.000000,1.000000,19
0.999897,0.000103,20
0.943788,0.056212,15
0.999992,0.000008,21
0.999854,0.000146,20
1.000000,0.000000,26
0.000000,1.000000,14
1.000000,0.000000,23
0.878626,0.121374,22
0.046367,0.953633,25
0.325632,0.674368,21
0.713409,0.286591,19
1.000000,0.000000,20
0.999999,0.000001,22
0.996066,0.003934,22
0.243470,0.756530,18
0.999688,0.000313,19
1.000000,0.000000,22
0.999992,0.000008,21
0.112368,0.887632,21
0.003211,0.996789,20
0.999970,0.000030,23
1.000000,0.000000,24
1.000000,0.000000,24
0.999904,0.000096,25
0.000055,0.999945,19
0.850472,0.149528,17
0.000107,0.999893,25
0.821622,0.178378,29
0.000000,1.000000,17
0.000117,0.999883,19
0.692871,0.307129,15
0.486398,0.513602,19
1.000000,0.000000,25
0.000000,1.000000,25
0.000005,0.999995,24
1.000000,0.000000,20
0.746546,0.253454,20
0.999974,0.000026,12
0.974227,0.025773,20
0.999858,0.000142,25
0.991877,0.008123,35
0.001061,0.998939,19
1.000000,0.000000,21
1.000000,0.000000,24
0.017628,0.982372,10
0.000978,0.999022,17
0.014696,0.985304,21
0.000000,1.000000,23
0.004594,0.995406,16
0.999978,0.000022,19
0.001924,0.998075,12
0.998008,0.001992,18
0.000149,0.999851,19
0.009952,0.990048,15
0.000001,0.999999,17
0.000002,0.999998,15
0.001096,0.998904,21
1.000000,0.000000,26
1.000000,0.000000,15
1.000000,0.000000,17
0.998675,0.001325,26
0.153332,0.846668,25
0.999570,0.000430,23
0.999998,0.000002,23
0.049240,0.950760,20
0.010233,0.989767,20
0.008176,0.991824,20
0.999834,0.000166,28
0.997071,0.002929,22
0.504756,0.495244,20
0.000016,0.999984,21
0.000004,0.999996,26
0.147696,0.852304,29
0.975790,0.024210,16
0.000001,0.999999,18
0.999999,0.000001,15
0.000334,0.999666,21
0.000000,1.000000,21
0.022684,0.977316,23
0.999994,0.000006,19
0.905365,0.094635,23
0.000000,1.000000,24
0.990782,0.009218,22
0.999997,0.000003,19
0.000016,0.999984,20
0.000000,1.000000,23
0.999488,0.000512,22
0.000000,1.000000,21
0.815037,0.184963,23
0.987134,0.012866,25
1.000000,0.000000,21
0.322637,0.677363,21
0.904055,0.095945,18
1.000000,0.000000,29
0.044381,0.955619,24
0.999891,0.000109,25
0.985745,0.014255,22
0.000016,0.999984,23
0.999999,0.000001,19
0.999424,0.000576,36
1.000000,0.000000,9
1.000000,0.000000,12
0.999920,0.000080,23
0.999851,0.000149,27
0.000062,0.999938,21
0.998674,0.001326,25
0.861097,0.138903,25
0.001676,0.998324,25
0.001159,0.998841,22
0.002083,0.997917,18
0.431049,0.568951,22
0.011013,0.988987,19
0.001019,0.998980,19
0.027620,0.972380,22
0.000006,0.999994,24
0.000000,1.000000,23
0.000981,0.999019,23
0.999977,0.000023,21
0.959565,0.040435,24
0.971127,0.028873,21
0.000725,0.999275,23
0.995385,0.004615,19
0.326399,0.673601,22
0.999979,0.000021,23
1.000000,0.000000,27
0.009925,0.990075,18
0.898290,0.101710,20
0.997981,0.002019,16
0.017526,0.982474,24
0.165356,0.834644,25
0.996709,0.003291,22
0.884136,0.115864,26
0.105272,0.894728,26
0.077252,0.922748,19
0.702072,0.297928,26
0.411360,0.588640,20
0.999283,0.000717,20
1.000000,0.000000,23
1.000000,0.000000,22
0.789888,0.210112,25
0.996755,0.003245,25
1.000000,0.000000,19
0.999982,0.000018,23
0.121898,0.878102,19
0.992930,0.007070,26
0.946400,0.053600,22
1.000000,0.000000,21
1.000000,0.000000,20
0.999992,0.000008,13
0.000553,0.999447,18
0.999929,0.000071,16
0.000813,0.999187,19
0.000004,0.999996,22
0.279730,0.720270,19
0.495627,0.504373,18
0.000189,0.999811,20
0.000000,1.000000,19
0.055731,0.944269,16
0.000000,1.000000,26
0.828705,0.171295,28
0.999983,0.000017,21
1.000000,0.000000,23
0.926619,0.073381,15
0.110762,0.889238,15
0.746981,0.253019,17
0.000264,0.999736,23
1.000000,0.000000,21
0.999991,0.000009,24
0.892186,0.107814,25
0.999973,0.000027,23
0.020994,0.979006,21
1.000000,0.000000,26
0.000038,0.999962,14
0.910031,0.089969,20
0.078704,0.921296,23
0.024071,0.975929,23
0.983556,0.016444,26
0.957316,0.042684,20
0.987204,0.012796,24
0.030640,0.969360,27
0.000000,1.000000,28
0.997755,0.002245,17
0.961421,0.038579,22
0.000001,0.999999,22
0.000343,0.999657,24
0.999192,0.000808,28
1.000000,0.000000,17
0.695193,0.304807,23
0.176908,0.823092,13
0.952623,0.047377,16
1.000000,0.000000,16
0.999991,0.000009,17
1.000000,0.000000,28
0.994702,0.005298,22
0.999622,0.000378,21
0.003231,0.996769,21
0.996982,0.003018,15
0.986707,0.013293,18
0.002127,0.997873,21
0.124702,0.875298,20
0.000091,0.999909,24
0.074222,0.925778,26
0.865378,0.134622,21
0.999854,0.000146,23
0.995222,0.004778,20
0.999959,0.000041,23
0.920835,0.079165,23
0.024514,0.975486,24
0.000013,0.999987,19
0.999509,0.000491,26
1.000000,0.000000,20
0.999542,0.000458,20
1.000000,0.000000,16
1.000000,0.000000,18
0.996630,0.003370,22
0.000001,0.999999,23
0.999426,0.000574,17
0.998856,0.001144,22
0.999996,0.000004,23
0.002803,0.997197,22
1.000000,0.000000,18
0.984674,0.015326,20
0.992749,0.007251,30
0.998033,0.001967,27
0.048284,0.951716,21
0.169775,0.830225,25
0.821528,0.178472,20
0.999484,0.000516,19
0.998728,0.001272,19
0.000000,1.000000,19
0.919844,0.080156,25
0.004989,0.995011,24
0.999381,0.000619,23
0.000092,0.999908,13
0.425387,0.574613,26
0.000373,0.999627,27
1.000000,0.000000,25
0.000000,1.000000,23
0.956600,0.043400,21
0.026397,0.973603,24
0.955165,0.044835,19
0.991896,0.008104,22
0.000024,0.999976,31
1.000000,0.000000,25
0.999868,0.000132,23
0.999998,0.000002,22
0.999648,0.000352,21
0.993687,0.006313,25
1.000000,0.000000,26
0.999946,0.000054,20
1.000000,0.000000,25
0.003229,0.996771,27
0.999982,0.000018,24
1.000000,0.000000,22
0.944807,0.055193,19
0.000004,0.999996,18
0.000278,0.999722,20
1.000000,0.000000,21
0.000000,1.000000,18
0.999933,0.000067,12
0.000307,0.999693,14
0.999997,0.000003,8
0.000001,0.999999,15
0.999310,0.000690,17
1.000000,0.000000,21
0.004132,0.995868,19
1.000000,0.000000,20
0.053451,0.946549,20
0.019317,0.980682,19
0.995249,0.004751,24
0.090182,0.909818,22
0.020197,0.979803,16
1.000000,0.000000,21
0.801001,0.198999,23
0.026338,0.973662,25
1.000000,0.000000,28
0.745745,0.254255,19
0.776296,0.223704,20
0.999865,0.000135,20
0.000000,1.000000,21
0.059540,0.940460,21
0.998180,0.001820,22
1.000000,0.000000,24
0.552732,0.447268,19
0.011495,0.988505,19
0.924667,0.075333,22
0.001503,0.998497,20
0.915395,0.084605,23
0.009632,0.990368,30
0.049361,0.950639,7
1.000000,0.000000,14
0.000310,0.999690,19
0.999999,0.000001,18
0.108370,0.891630,22
0.016913,0.983087,22
0.995470,0.004530,12
0.974606,0.025394,13
0.991255,0.008745,22
0.000483,0.999517,19
0.913320,0.086680,20
0.072603,0.927397,19
0.999827,0.000173,18
1.000000,0.000000,24
0.919438,0.080562,19
0.470741,0.529259,22
0.000027,0.999973,12
0.965837,0.034163,22
1.000000,0.000000,20
0.005885,0.994115,26
0.881741,0.118259,17
0.291307,0.708693,16
0.000030,0.999970,15
0.833305,0.166695,14
0.999990,0.000010,21
0.000089,0.999911,21
1.000000,0.000000,28
0.999978,0.000022,29
1.000000,0.000000,15
0.999933,0.000067,23
1.000000,0.000000,25
1.000000,0.000000,16
0.871564,0.128436,22
1.000000,0.000000,30
0.999831,0.000169,23
0.000000,1.000000,21
0.999991,0.000009,22
0.000061,0.999939,26
0.000006,0.999994,20
0.000000,1.000000,23
0.000000,1.000000,28
0.997775,0.002225,23
0.000000,1.000000,20
0.000335,0.999665,24
1.000000,0.000000,15
1.000000,0.000000,13
0.000092,0.999908,23
0.000000,1.000000,27
